SKU,Sum of TotalVolume
1629999,1996.4645408
1537541,413.8063472
1630505,181.13296976
1652017,174.7896
1657217,171.36040824
