SKU,Sum of TotalVolume
1623703,200.72824
1623718,170.35096
1623775,145.49952
1623715,122.07224
1623705,104.44024
