SKU,Sum of TotalVolume
1615251,289.3816
1629212,227.8284
1615271,189.1362
1648616,182.545296
1648615,167.462608
