SKU,Sum of TotalVolume
1500415,192.61592
1664933,145.09568
1594916,118.858
1531238,94.17088
1594940,88.9692
