SKU,Sum of TotalVolume
1609416,138.34208
1643675,126.3312
1650016,110.62415
1621016,105.0082336
1666516,65.01
