SKU,Sum of TotalVolume
1635875,343.38016
1635825,292.62056
1622398,257.869936
1635803,253.81288
1635832,194.64976
