SKU,Sum of TotalVolume
1503015,205.0012
1652416,204.31556
1633716,144.3961
1637316,91.8321
1650116,74.78244
