SKU,Sum of TotalVolume
1586615,202.54784
1635717,192.412544
1654701,192.4024
1657116,184.3208
1519301,181.047472
