SKU,Sum of TotalVolume
1597797,168.515984
1597701,124.099872
1624618,99.31352
1624675,96.50952
1624615,95.73336
